,Name,Description,Ingredients,Recipe
0,6 Kitchen Cleaning Tips I Follow | Cleaning the Kitchen Easy Way,"6 Kitchen Cleaning Tips – One of the most used places in a house is the kitchen. The kitchen goes through a lot in a day sometimes at night. The place from where we satisfy our hunger. Yet at the end of the day, there is a lot of mess left behind to clean. Is your Kitchen germ-free? How often do you clean the kitchen? Do you maintain the kitchen on regular basis? Do you try kitchen cleaning tips from the internet? How do you remove the sticky grease from the cooktop? What do you use to clean the appliances in the kitchen? Is there enough room for washing vegetables at the sink? How do you manage the waste that is produced in the kitchen? let’s see more details about kitchen cleaning tips in this article.









6 Kitchen Cleaning Tips – We love food. But the task behind preparing the food can be easy or tedious at times. Once your food has been prepared then comes the cleaning up of the mess-created part. Sometimes we find a new recipe on the internet and try it out. End up with piles of dishes in the sink. Well, cannot leave it as it is. You need the dishes for the next day and it isn’t hygienic. Then there is spillage of food. The most common example would be milk overflowing when kept for boiling. Just a fraction of a second when your attention is diverted leads to mess. You can follow some kitchen cleaning tips which you might have known earlier or maybe new to you.",,
